{
  "results": [
    {
      "command": "/home/ubuntu/wave-asplos26/GPU-PMC-Verifier/.venv/bin/python3 /home/ubuntu/wave-asplos26/GPU-PMC-Verifier/eval/pytorch/inference.py --model-type gpt2 --n_layer 6 --hidden-dim 1024 --ffn-dim 4096 --n_head 16 --n_positions 512 --max_new_tokens 2 --batch-size 4 --prompt-len 1",
      "mean": 10.200141874313335,
      "stddev": 0.09161173816772553,
      "median": 10.24506665598,
      "user": 10.961675439999999,
      "system": 2.05671566,
      "min": 10.094739543980001,
      "max": 10.260619422980001,
      "times": [
        10.24506665598,
        10.260619422980001,
        10.094739543980001
      ],
      "exit_codes": [
        0,
        0,
        0
      ]
    }
  ]
}
