{
  "results": [
    {
      "command": "/home/haoxuan/research/GPU-PMC-Verifier/.venv/bin/python3 /home/haoxuan/research/GPU-PMC-Verifier/eval/pytorch/inference.py --model-type llama --n_layer 8 --hidden-dim 4096 --ffn-dim 16384 --n_head 32 --n_positions 1024 --max_new_tokens 2 --batch-size 4 --prompt-len 1",
      "mean": 5.94305227098,
      "stddev": 0.2672186416693584,
      "median": 6.02939661698,
      "user": 7.186800853333334,
      "system": 2.59547718,
      "min": 5.64333713298,
      "max": 6.15642306298,
      "times": [
        6.02939661698,
        6.15642306298,
        5.64333713298
      ],
      "exit_codes": [
        0,
        0,
        0
      ]
    }
  ]
}
