{
  "results": [
    {
      "command": "/home/haoxuan/research/gpu-report/GPU-PMC-Verifier/.venv/bin/python3 /home/haoxuan/research/gpu-report/GPU-PMC-Verifier/eval/pytorch/inference.py --model-type qwen --n_layer 6 --hidden-dim 1024 --ffn-dim 4096 --n_head 8 --n_positions 512 --max_new_tokens 2 --batch-size 4 --prompt-len 1",
      "mean": 2.95625739194,
      "stddev": 0.02270804796253234,
      "median": 2.95805343594,
      "user": 7.556544699999999,
      "system": 0.5876059733333333,
      "min": 2.93270465494,
      "max": 2.97801408494,
      "times": [
        2.97801408494,
        2.95805343594,
        2.93270465494
      ],
      "exit_codes": [
        0,
        0,
        0
      ]
    }
  ]
}
