{
  "results": [
    {
      "command": "/home/haoxuan/research/gpu-report/GPU-PMC-Verifier/.venv/bin/python3 /home/haoxuan/research/gpu-report/GPU-PMC-Verifier/eval/pytorch/inference.py --model-type llama --n_layer 8 --hidden-dim 4096 --ffn-dim 16384 --n_head 32 --n_positions 1024 --max_new_tokens 2 --batch-size 4 --prompt-len 1",
      "mean": 3.543273993486667,
      "stddev": 0.027432303360863122,
      "median": 3.53249149982,
      "user": 7.963411626666666,
      "system": 0.7316942733333333,
      "min": 3.52287115882,
      "max": 3.57445932182,
      "times": [
        3.53249149982,
        3.52287115882,
        3.57445932182
      ],
      "exit_codes": [
        0,
        0,
        0
      ]
    }
  ]
}
