{
  "results": [
    {
      "command": "/home/haoxuan/research/GPU-PMC-Verifier/.venv/bin/python3 /home/haoxuan/research/GPU-PMC-Verifier/eval/pytorch/inference.py --model-type qwen --n_layer 8 --hidden-dim 4096 --ffn-dim 16384 --n_head 32 --n_positions 1024 --max_new_tokens 2 --batch-size 4 --prompt-len 1",
      "mean": 7.935144369593334,
      "stddev": 1.4120300094459486,
      "median": 7.28249175426,
      "user": 7.459580586666665,
      "system": 3.620658073333333,
      "min": 6.96749920526,
      "max": 9.55544214926,
      "times": [
        7.28249175426,
        9.55544214926,
        6.96749920526
      ],
      "exit_codes": [
        0,
        0,
        0
      ]
    }
  ]
}
