{
  "results": [
    {
      "command": "/home/haoxuan/research/gpu-report/GPU-PMC-Verifier/.venv/bin/python3 /home/haoxuan/research/gpu-report/GPU-PMC-Verifier/eval/pytorch/inference.py --model-type qwen --n_layer 8 --hidden-dim 4096 --ffn-dim 16384 --n_head 32 --n_positions 1024 --max_new_tokens 2 --batch-size 4 --prompt-len 1",
      "mean": 3.91356780596,
      "stddev": 0.05576801920074919,
      "median": 3.8896848249600002,
      "user": 8.187913033333333,
      "system": 0.9106637533333334,
      "min": 3.8737186179600003,
      "max": 3.97729997496,
      "times": [
        3.8896848249600002,
        3.8737186179600003,
        3.97729997496
      ],
      "exit_codes": [
        0,
        0,
        0
      ]
    }
  ]
}
