{
  "results": [
    {
      "command": "/home/haoxuan/research/gpu-report/GPU-PMC-Verifier/.venv/bin/python3 /home/haoxuan/research/gpu-report/GPU-PMC-Verifier/eval/pytorch/inference.py --model-type llama --n_layer 8 --hidden-dim 4096 --ffn-dim 16384 --n_head 32 --n_positions 1024 --max_new_tokens 2 --batch-size 4 --prompt-len 1",
      "mean": 3.4994647288733334,
      "stddev": 0.019657090050425124,
      "median": 3.50248367054,
      "user": 7.973249393333333,
      "system": 0.7276392599999998,
      "min": 3.47847281254,
      "max": 3.51743770354,
      "times": [
        3.51743770354,
        3.47847281254,
        3.50248367054
      ],
      "exit_codes": [
        0,
        0,
        0
      ]
    }
  ]
}
