{
  "results": [
    {
      "command": "ncu --config-file off --export /home/haoxuan/research/GPU-PMC-Verifier/data/overhead/5080/llama_layer8_embd4096_ffn16384_head32_pos1024_max2_batch4_prompt1/profile.ncu-rep --force-overwrite --replay-mode application --app-replay-mode relaxed --metrics gpu__time_duration.sum /home/haoxuan/research/GPU-PMC-Verifier/.venv/bin/python3 /home/haoxuan/research/GPU-PMC-Verifier/eval/pytorch/inference.py --model-type llama --n_layer 8 --hidden-dim 4096 --ffn-dim 16384 --n_head 32 --n_positions 1024 --max_new_tokens 2 --batch-size 4 --prompt-len 1",
      "mean": 11.499271166459998,
      "stddev": 0.08028932958055056,
      "median": 11.510994586459999,
      "user": 14.109613213333333,
      "system": 7.198583846666666,
      "min": 11.41376463546,
      "max": 11.573054277459999,
      "times": [
        11.573054277459999,
        11.510994586459999,
        11.41376463546
      ],
      "exit_codes": [
        0,
        0,
        0
      ]
    }
  ]
}
