{
  "results": [
    {
      "command": "/home/haoxuan/research/GPU-PMC-Verifier/.venv/bin/python3 /home/haoxuan/research/GPU-PMC-Verifier/eval/pytorch/inference.py --model-type llama --n_layer 6 --hidden-dim 1024 --ffn-dim 4096 --n_head 8 --n_positions 512 --max_new_tokens 2 --batch-size 4 --prompt-len 1",
      "mean": 4.480478523173333,
      "stddev": 0.008558964482179738,
      "median": 4.47932977684,
      "user": 6.511877173333333,
      "system": 2.2256829600000003,
      "min": 4.47255194584,
      "max": 4.489553846840001,
      "times": [
        4.489553846840001,
        4.47932977684,
        4.47255194584
      ],
      "exit_codes": [
        0,
        0,
        0
      ]
    }
  ]
}
